<?xml version="1.0" encoding="UTF-8"?>
<!DOCTYPE suite SYSTEM "https://testng.org/testng-1.0.dtd">
<suite name="Suite" parallel="tests">
  <test thread-count="5" name="Test">
	  <parameter name="Browser" value="chrome"/>
	  <classes>
		 <class name="junit.chrome_browser_ts1"/> 
	  </classes>
  </test> <!-- Test -->
  <test name="test1">
	  <parameter name="Browser" value="edge"/>
	  <classes>
		  <class name="junit.chrome_browser_ts1"/>
	  </classes>
	  </test>
</suite> <!-- Suite -->
